{
	"format_version": "1.8.0",
	"minecraft:client_entity": {
		"description": {
			"identifier": "mymobs:moobloom",
			"min_engine_version": "1.8.0",
			"materials": {
				"default": "entity_alphatest"
			},
			"textures": {
				"default": "textures/entity/moobloom"
			},
			"geometry": {
				"default": "geometry.moobloom"
			},
			"animations": {
				"walk": "animation.moobloom.walk",
				"look_at_target": "animation.common.look_at_target",
				"baby_transform": "animation.moobloom.baby_transform"
			},
			"animation_controllers": [
				{
					"move": "controller.animation.mooshroom.move"
				},
				{
					"baby": "controller.animation.mooshroom.baby"
				}
			],
			"render_controllers": ["controller.render.mooshroom"],
			"spawn_egg": {
				"base_color": "#fff000",
				"overlay_color": "#ffffff"
			}
		}
	}
}